recipe_title,category,subcategory,ingredients,directions,num_ingredients,num_steps,normalized_recipe_name,clean_ingredients,core_ingredients_for_similarity,clean_ingredient_count,core_ingredient_count,direction_text,action_sequence,mean_similarity_to_dataset,mean_ingredient_similarity_to_dataset,mean_process_similarity_to_dataset
Sweet and Tangy Thai Cucumber Salad,Low Calorie,Low-Calorie Salads,"[""\u00bd cup white sugar"", ""\u00bd cup hot water"", ""\u00bc cup distilled white vinegar"", ""1 teaspoon salt"", ""1 large cucumber, thinly sliced"", ""1 red onion, thinly sliced""]","[""Whisk sugar, hot water, vinegar, and salt together in a bowl until sugar dissolved; stir in cucumber and onion. Refrigerate at least 1 hour to soften vegetables and reduce onion pungency.""]",6,1,sweet and tangy thai cucumber salad,"[""white sugar"", ""water"", ""distilled white vinegar"", ""salt"", ""cucumber"", ""onion""]","[""white sugar"", ""distilled white vinegar"", ""cucumber"", ""onion""]",6,4,"Whisk sugar, hot water, vinegar, and salt together in a bowl until sugar dissolved; stir in cucumber and onion. Refrigerate at least 1 hour to soften vegetables and reduce onion pungency.","[""stir"", ""refrigerate""]",0.49002546,0.5565408,0.11310499
New Jersey Diner Salad,Coleslaws,Vinegar Coleslaw,"[""2 cups shredded cabbage"", ""2 large onions, sliced"", ""1 large carrot, sliced"", ""1 green bell pepper, seeded and chopped"", ""1 medium cucumber, thinly sliced"", ""3 tablespoons vinegar"", ""3 tablespoons vegetable oil"", ""3 tablespoons white sugar"", ""1 teaspoon salt""]","[""In a large bowl, toss together the cabbage, onions, carrot, pepper, and cucumber. In a small bowl, whisk together the vinegar, oil, sugar, and salt. Pour the dressing over the salad, and stir to coat. Cover tightly, and refrigerate overnight before serving.""]",9,1,new jersey diner salad,"[""cabbage"", ""onion"", ""carrot"", ""bell pepper"", ""cucumber"", ""vinegar"", ""vegetable oil"", ""white sugar"", ""salt""]","[""cabbage"", ""onion"", ""carrot"", ""bell pepper"", ""cucumber"", ""white sugar""]",9,6,"In a large bowl, toss together the cabbage, onions, carrot, pepper, and cucumber. In a small bowl, whisk together the vinegar, oil, sugar, and salt. Pour the dressing over the salad, and stir to coat. Cover tightly, and refrigerate overnight before serving.","[""toss"", ""whisk"", ""coat"", ""cover""]",0.4672635,0.52728516,0.12714031
Mom's Marinated Cucumbers,Kosher,Kosher Salads,"[""3 large cucumbers"", ""1 teaspoon salt"", ""\u00bc cup white sugar"", ""\u00bc cup distilled white vinegar"", ""\u00bc cup chopped onion"", ""\u215b cup water"", ""\u00bd teaspoon celery seed""]","[""Peel cucumbers and slice wafer-thin; sprinkle with salt. Let stand for 30 minutes, then squeeze cucumbers to release moisture."", ""Mix sugar, vinegar, onion, water, and celery seed together in a medium bowl until well combined. Add cucumbers and stir until evenly coated."", ""Cover and refrigerate for 1 hour.""]",7,3,mom s marinated cucumbers,"[""cucumber"", ""salt"", ""white sugar"", ""distilled white vinegar"", ""onion"", ""water"", ""celery seed""]","[""cucumber"", ""white sugar"", ""distilled white vinegar"", ""onion"", ""celery seed""]",7,5,"Peel cucumbers and slice wafer-thin; sprinkle with salt. Let stand for 30 minutes, then squeeze cucumbers to release moisture. Mix sugar, vinegar, onion, water, and celery seed together in a medium bowl until well combined. Add cucumbers and stir until evenly coated. Cover and refrigerate for 1 hour.","[""peel"", ""step"", ""mix"", ""add"", ""cover""]",0.44789085,0.5078339,0.10821331
Cucumber Salad,Labor Day,Labor Day Salads,"[""4 cucumbers, thinly sliced"", ""1 small white onion, thinly sliced"", ""1 cup white vinegar"", ""\u00be cup white sugar"", ""\u00bd cup water"", ""1 tablespoon dried dill, or to taste""]","[""Gather the ingredients."", ""Toss sliced cucumbers and onion together in a large bowl. Set aside."", ""Combine vinegar, sugar, and water in a saucepan over medium-high heat; bring to a boil; pour over cucumbers and onions in the bowl. Stir in dill. Cover and let marinate in the refrigerator for at least 1 hour before serving.""]",6,3,cucumber salad,"[""cucumber"", ""onion"", ""white vinegar"", ""white sugar"", ""water"", ""dill""]","[""cucumber"", ""onion"", ""white vinegar"", ""white sugar"", ""dill""]",6,5,"Gather the ingredients. Toss sliced cucumbers and onion together in a large bowl. Set aside. Combine vinegar, sugar, and water in a saucepan over medium-high heat; bring to a boil; pour over cucumbers and onions in the bowl. Stir in dill. Cover and let marinate in the refrigerator for at least 1 hour before serving.","[""step"", ""toss"", ""step"", ""boil"", ""stir"", ""cover""]",0.4450805,0.50251096,0.11964132
Cucumber Slices with Dill,Labor Day,Labor Day Salads,"[""4 large cucumbers, sliced"", ""1 onion, thinly sliced"", ""1 tablespoon dried dill weed"", ""1 cup white sugar"", ""\u00bd cup white vinegar"", ""\u00bd cup water"", ""1 teaspoon salt (Optional)""]","[""Combine cucumbers, onion, and dill in a large serving bowl."", ""Combine sugar, vinegar, water, and salt in a medium bowl; stir until sugar dissolves."", ""Pour vinegar mixture over cucumber mixture. Cover the bowl and refrigerate for at least 2 hours before serving""]",7,3,cucumber slices with dill,"[""cucumber"", ""onion"", ""dill weed"", ""white sugar"", ""white vinegar"", ""water"", ""salt""]","[""cucumber"", ""onion"", ""dill weed"", ""white sugar"", ""white vinegar""]",7,5,"Combine cucumbers, onion, and dill in a large serving bowl. Combine sugar, vinegar, water, and salt in a medium bowl; stir until sugar dissolves. Pour vinegar mixture over cucumber mixture. Cover the bowl and refrigerate for at least 2 hours before serving","[""combine"", ""combine"", ""pour"", ""cover""]",0.4243475,0.47715518,0.12510377
Lemony Cucumbers,Low Calorie,Low-Calorie Salads,"[""2 cucumbers, sliced"", ""\u00bc cup white wine vinegar"", ""2 tablespoons chopped onion"", ""2 tablespoons white sugar"", ""1 tablespoon lemon juice"", ""2 teaspoons celery seeds"", ""\u00be teaspoon salt"", ""\u215b teaspoon ground black pepper""]","[""Toss cucumbers, vinegar, chopped onion, sugar, lemon juice, celery seeds, salt, and black pepper in a bowl until combined; cover. Chill in the refrigerator, 4 hours.""]",8,1,lemony cucumbers,"[""cucumber"", ""white wine vinegar"", ""onion"", ""white sugar"", ""lemon juice"", ""celery seed"", ""salt"", ""black pepper""]","[""cucumber"", ""white wine vinegar"", ""onion"", ""white sugar"", ""celery seed""]",8,5,"Toss cucumbers, vinegar, chopped onion, sugar, lemon juice, celery seeds, salt, and black pepper in a bowl until combined; cover. Chill in the refrigerator, 4 hours.","[""cover"", ""chill""]",0.41375053,0.47189382,0.08427184
Appalachian Slaw,Low Calorie,Low-Calorie Salads,"[""4 cups chopped cabbage"", ""1 tomato, chopped"", ""\u00bd cucumber, chopped"", ""\u00bd cup chopped onion"", ""1 tablespoon sugar"", ""1 teaspoon salt"", ""\u00bd teaspoon ground black pepper"", ""1 tablespoon mayonnaise""]","[""In a large bowl, stir together the cabbage, tomato, cucumber, onion, sugar, salt, pepper and mayonnaise. Add additional mayonnaise to suit your taste.""]",8,1,appalachian slaw,"[""cabbage"", ""tomato"", ""cucumber"", ""onion"", ""sugar"", ""salt"", ""black pepper"", ""mayonnaise""]","[""cabbage"", ""tomato"", ""cucumber"", ""onion""]",8,4,"In a large bowl, stir together the cabbage, tomato, cucumber, onion, sugar, salt, pepper and mayonnaise. Add additional mayonnaise to suit your taste.","[""stir"", ""add""]",0.41105804,0.4607143,0.12967254
Tomato Cucumber Salad with Mint,Kosher,Kosher Salads,"[""\u2153 cup red wine vinegar"", ""1 tablespoon white sugar"", ""1 teaspoon salt"", ""2 large cucumbers, peeled, seeded, and cut into 1/2-inch slices"", ""3 large tomatoes, seeded and chopped"", ""\u2154 cup chopped red onion"", ""\u00bd cup chopped fresh mint"", ""2 tablespoons olive oil"", ""salt and pepper to taste""]","[""In a large bowl, combine vinegar, sugar, and salt. Mix in cucumbers, and marinate 1 hour, stirring occasionally."", ""Gently toss tomatoes, onion, mint, and olive oil with the marinated cucumbers. Season with salt and pepper.""]",9,2,tomato cucumber salad with mint,"[""red wine vinegar"", ""white sugar"", ""salt"", ""cucumber"", ""tomato"", ""onion"", ""mint"", ""olive oil"", ""salt pepper""]","[""red wine vinegar"", ""white sugar"", ""cucumber"", ""tomato"", ""onion"", ""mint"", ""salt pepper""]",9,7,"In a large bowl, combine vinegar, sugar, and salt. Mix in cucumbers, and marinate 1 hour, stirring occasionally. Gently toss tomatoes, onion, mint, and olive oil with the marinated cucumbers. Season with salt and pepper.","[""combine"", ""marinate"", ""toss"", ""season""]",0.40292442,0.45199102,0.12488033
Fresh Frozen Cucumbers,Low Calorie,Low-Calorie Salads,"[""2 large cucumbers, thinly sliced"", ""2 tablespoons salt"", ""1 \u00bd cups white sugar"", ""1 \u00bd cups distilled white vinegar""]","[""Place cucumbers into a large bowl and sprinkle with salt. Cover and refrigerate for 24 hours."", ""Rinse and drain cucumbers, pressing out as much water as possible. Place cucumbers back into the bowl and stir in sugar and vinegar until well combined. Cover and refrigerate for 24 more hours. Transfer to a freezer container and freeze.""]",4,2,fresh frozen cucumbers,"[""cucumber"", ""salt"", ""white sugar"", ""distilled white vinegar""]","[""cucumber"", ""white sugar"", ""distilled white vinegar""]",4,3,"Place cucumbers into a large bowl and sprinkle with salt. Cover and refrigerate for 24 hours. Rinse and drain cucumbers, pressing out as much water as possible. Place cucumbers back into the bowl and stir in sugar and vinegar until well combined. Cover and refrigerate for 24 more hours. Transfer to a freezer container and freeze.","[""place"", ""cover"", ""drain"", ""place"", ""cover"", ""transfer""]",0.39913636,0.4503284,0.109048195
Summer Radish Salad,Healthy Recipes,Low-Potassium Recipes,"[""2 cups sliced radishes"", ""\u00bd teaspoon salt"", ""1 cup sliced red onion"", ""1 cup seeded and sliced cucumber"", ""\u00bd cup extra virgin olive oil, or to taste"", ""2 tablespoons white wine vinegar, or to taste"", ""1 teaspoon chopped fresh dill"", ""1 clove garlic, minced"", ""\u00bd teaspoon white sugar, or to taste""]","[""Toss radishes with salt; let stand for about 10 minutes. Drain any liquid and transfer radishes to a large bowl; add red onion and cucumber slices."", ""Whisk olive oil, vinegar, dill, garlic, and sugar together in a small bowl until well mixed; pour over vegetables and toss to combine. Cover and refrigerate for at least 1 hour before serving.""]",9,2,summer radish salad,"[""radish"", ""salt"", ""onion"", ""cucumber"", ""olive oil"", ""white wine vinegar"", ""dill"", ""garlic"", ""white sugar""]","[""radish"", ""onion"", ""cucumber"", ""white wine vinegar"", ""dill"", ""white sugar""]",9,6,"Toss radishes with salt; let stand for about 10 minutes. Drain any liquid and transfer radishes to a large bowl; add red onion and cucumber slices. Whisk olive oil, vinegar, dill, garlic, and sugar together in a small bowl until well mixed; pour over vegetables and toss to combine. Cover and refrigerate for at least 1 hour before serving.","[""toss"", ""add"", ""combine"", ""cover""]",0.39696985,0.4450944,0.12426407
Cucumber Pasta Salad,Pasta Salads,Cucumber Pasta Salad,"[""1 (8 ounce) package bow-tie pasta"", ""1 large cucumber, thinly sliced"", ""1 large onion, thinly sliced"", ""1 \u00bd teaspoons dried dill"", ""\u00be cup white vinegar"", ""1 cup white sugar"", ""1 cup water"", ""1 tablespoon vegetable oil"", ""1 tablespoon prepared mustard"", ""\u00bd teaspoon salt"", ""\u00bd teaspoon ground black pepper""]","[""Bring a large pot of lightly salted water to a boil. Cook pasta at a boil, stirring occasionally, until cooked through yet firm to the bite, about 12 minutes. Drain and rinse several times with cold water until pasta is cool."", ""Stir pasta, cucumber, onion, and dill in a salad bowl."", ""Whisk vinegar, sugar, water, vegetable oil, mustard, salt, and black pepper in a separate bowl until sugar and salt have dissolved. Pour dressing over pasta mixture and toss lightly to coat with dressing. Let chill for 2 hours before serving.""]",11,3,cucumber pasta salad,"[""bow tie pasta"", ""cucumber"", ""onion"", ""dill"", ""white vinegar"", ""white sugar"", ""water"", ""vegetable oil"", ""prepared mustard"", ""salt"", ""black pepper""]","[""bow tie pasta"", ""cucumber"", ""onion"", ""dill"", ""white vinegar"", ""white sugar"", ""prepared mustard""]",11,7,"Bring a large pot of lightly salted water to a boil. Cook pasta at a boil, stirring occasionally, until cooked through yet firm to the bite, about 12 minutes. Drain and rinse several times with cold water until pasta is cool. Stir pasta, cucumber, onion, and dill in a salad bowl. Whisk vinegar, sugar, water, vegetable oil, mustard, salt, and black pepper in a separate bowl until sugar and salt have dissolved. Pour dressing over pasta mixture and toss lightly to coat with dressing. Let chill for 2 hours before serving.","[""boil"", ""boil"", ""drain"", ""stir"", ""whisk"", ""coat"", ""chill""]",0.3827794,0.43157503,0.10627105
Cucumber Tomato Salad,Picnic Recipes,Picnic Recipes,"[""1 cup water"", ""\u00bd cup distilled white vinegar"", ""\u00bc cup vegetable oil"", ""\u00bc cup sugar"", ""1 teaspoon salt, or to taste"", ""1 teaspoon freshly ground black pepper, or to taste"", ""3 cucumbers, peeled and sliced \u00bc-inch thick"", ""3 tomatoes, cut into wedges"", ""1 onion, sliced and separated into rings""]","[""Gather all ingredients."", ""Whisk water, vinegar, oil, sugar, salt, and pepper together in a large bowl until smooth."", ""Add cucumbers, tomatoes, and onion and stir to coat."", ""Cover bowl with plastic wrap; refrigerate for at least 2 hours for best flavor results."", ""Enjoy!""]",9,5,cucumber tomato salad,"[""water"", ""distilled white vinegar"", ""vegetable oil"", ""sugar"", ""salt"", ""freshly black pepper"", ""cucumber"", ""tomato"", ""onion""]","[""distilled white vinegar"", ""freshly black pepper"", ""cucumber"", ""tomato"", ""onion""]",9,5,"Gather all ingredients. Whisk water, vinegar, oil, sugar, salt, and pepper together in a large bowl until smooth. Add cucumbers, tomatoes, and onion and stir to coat. Cover bowl with plastic wrap; refrigerate for at least 2 hours for best flavor results. Enjoy!","[""step"", ""whisk"", ""add"", ""cover"", ""step""]",0.3765956,0.4223728,0.11719149
Best-Ever Cucumber Dill Salad,Low Sodium,Low-Sodium Salads,"[""\u00bd cucumber, very thinly sliced"", ""salt and ground black pepper to taste"", ""\u00bc cup sour cream, or to taste"", ""\u00bc cup vinegar, or more to taste"", ""\u00bc cup plain yogurt"", ""2 tablespoons mayonnaise"", ""\u00bd lime, juiced"", ""2 teaspoons white sugar"", ""1 teaspoon dill"", ""\u00bd red onion, thinly sliced"", ""\u00bd stalk celery, thinly sliced""]","[""Gather all ingredients."", ""Place cucumber slices in a colander. Generously sprinkle salt over cucumber; let sit until water starts to bead on the slices, about 10 minutes. Drain water from cucumber slices."", ""Whisk sour cream, vinegar, yogurt, mayonnaise, lime juice, sugar, and dill together in a large bowl until dressing is smooth."", ""Mix cucumber, onion, and celery into dressing until evenly coated; season with salt and pepper.""]",11,4,ever cucumber dill salad,"[""cucumber"", ""salt black pepper"", ""sour cream"", ""vinegar"", ""yogurt"", ""mayonnaise"", ""lime"", ""white sugar"", ""dill"", ""onion"", ""celery""]","[""cucumber"", ""salt black pepper"", ""sour cream"", ""yogurt"", ""lime"", ""white sugar"", ""dill"", ""onion"", ""celery""]",11,9,"Gather all ingredients. Place cucumber slices in a colander. Generously sprinkle salt over cucumber; let sit until water starts to bead on the slices, about 10 minutes. Drain water from cucumber slices. Whisk sour cream, vinegar, yogurt, mayonnaise, lime juice, sugar, and dill together in a large bowl until dressing is smooth. Mix cucumber, onion, and celery into dressing until evenly coated; season with salt and pepper.","[""step"", ""place"", ""slice"", ""drain"", ""dress"", ""coat""]",0.36139038,0.4032088,0.12441911
Cucumber and Tomato Salad with Mayo,Kosher,Kosher Salads,"[""4 medium fresh tomatoes, cut into 1 inch chunks"", ""1 large cucumber, sliced"", ""\u00bd red onion, diced"", ""\u00bc cup mayonnaise"", ""2 cloves garlic, minced"", ""2 teaspoons fresh ground black pepper"", ""salt to taste""]","[""Toss together tomatoes, cucumber, onion, mayonnaise, and garlic in a large serving bowl. Season with pepper and salt.""]",7,1,cucumber and tomato salad with mayo,"[""tomato"", ""cucumber"", ""onion"", ""mayonnaise"", ""clov garlic"", ""black pepper"", ""salt""]","[""tomato"", ""cucumber"", ""onion"", ""clov garlic""]",7,4,"Toss together tomatoes, cucumber, onion, mayonnaise, and garlic in a large serving bowl. Season with pepper and salt.","[""toss"", ""season""]",0.36013767,0.40593186,0.100637525
Tomato Cucumber Salad,Healthy Recipes,Healthy Salads,"[""2 ripe tomatoes, chopped"", ""1 cucumber, peeled and diced"", ""1 small white or red onion, chopped"", ""1 tablespoon lemon juice or to taste"", ""salt and ground black peper to taste""]","[""Gather all ingredients."", ""Combine tomatoes, cucumber, and onion in a salad bowl. Sprinkle with lemon juice and season with salt and black pepper; toss until well combined."", ""Cover and chill salad in the refrigerator until ready to serve.""]",5,3,tomato cucumber salad,"[""tomato"", ""cucumber"", ""onion"", ""lemon juice"", ""salt black peper""]","[""tomato"", ""cucumber"", ""onion"", ""salt black peper""]",5,4,"Gather all ingredients. Combine tomatoes, cucumber, and onion in a salad bowl. Sprinkle with lemon juice and season with salt and black pepper; toss until well combined. Cover and chill salad in the refrigerator until ready to serve.","[""step"", ""combine"", ""season"", ""chill""]",0.359946,0.40593186,0.09935938
Claremont Salad,Coleslaws,Vinegar Coleslaw,"[""1 medium head cabbage, shredded"", ""2 cucumbers, thinly sliced"", ""3 carrots, thinly sliced"", ""1 Bermuda onion, thinly sliced"", ""\u00be cup distilled white vinegar"", ""\u00be cup white sugar"", ""\u00bd cup vegetable oil"", ""4 tablespoons water"", ""3 teaspoons salt""]","[""Combine cabbage, cucumbers, carrots, and onion in a large bowl."", ""Whisk together vinegar, sugar, oil, water, and salt in a small bowl. Pour over the cabbage mixture, toss to coat, and refrigerate for at least 12 hours. Drain excess liquid before serving.""]",9,2,claremont salad,"[""cabbage"", ""cucumber"", ""carrot"", ""bermuda onion"", ""distilled white vinegar"", ""white sugar"", ""vegetable oil"", ""water"", ""salt""]","[""cabbage"", ""cucumber"", ""carrot"", ""bermuda onion"", ""distilled white vinegar"", ""white sugar""]",9,6,"Combine cabbage, cucumbers, carrots, and onion in a large bowl. Whisk together vinegar, sugar, oil, water, and salt in a small bowl. Pour over the cabbage mixture, toss to coat, and refrigerate for at least 12 hours. Drain excess liquid before serving.","[""combine"", ""whisk"", ""coat"", ""drain""]",0.35976598,0.39945266,0.13487469
Mostaccioli Salad,Pasta Salads,Cucumber Pasta Salad,"[""1 (16 ounce) package mostaccioli pasta"", ""1 tablespoon vegetable oil"", ""1 \u00bd cups distilled white vinegar"", ""1 \u00bd cups white sugar"", ""1 medium onion, chopped"", ""1 medium cucumber, chopped"", ""1 (4 ounce) jar chopped pimento"", ""2 teaspoons prepared yellow mustard"", ""1 tablespoon garlic powder"", ""1 tablespoon parsley flakes"", ""1 teaspoon salt"", ""1 teaspoon ground black pepper""]","[""Bring a large pot of lightly salted water to a boil. Add pasta and cook for 8 to 10 minutes or until al dente; drain."", ""In a large bowl, gently toss together the pasta, oil, vinegar, sugar, onion, cucumber, pimento, mustard, garlic powder, parsley flakes, salt, and pepper. Cover, and refrigerate 24 hours before serving.""]",12,2,mostaccioli salad,"[""mostaccioli pasta"", ""vegetable oil"", ""distilled white vinegar"", ""white sugar"", ""onion"", ""cucumber"", ""pimento"", ""prepared yellow mustard"", ""garlic powder"", ""parsley flak"", ""salt"", ""black pepper""]","[""mostaccioli pasta"", ""distilled white vinegar"", ""white sugar"", ""onion"", ""cucumber"", ""pimento"", ""prepared yellow mustard"", ""parsley flak""]",12,8,"Bring a large pot of lightly salted water to a boil. Add pasta and cook for 8 to 10 minutes or until al dente; drain. In a large bowl, gently toss together the pasta, oil, vinegar, sugar, onion, cucumber, pimento, mustard, garlic powder, parsley flakes, salt, and pepper. Cover, and refrigerate 24 hours before serving.","[""boil"", ""add"", ""toss"", ""cover""]",0.35816383,0.40352353,0.10112502
Easy Coleslaw,Christmas,Christmas Salads,"[""1 large head cabbage, shredded"", ""1 green bell pepper, diced"", ""1 onion, finely diced"", ""1 \u00bd large carrots, shredded"", ""1 cup white wine vinegar"", ""1 cup vegetable oil"", ""1 cup white sugar""]","[""Combine cabbage, bell pepper, onion, and carrots in a large bowl."", ""Whisk together vinegar, oil, and sugar in a medium bowl. Pour enough dressing over cabbage mixture to coat; mix well. Cover and refrigerate for 6 to 8 hours."", ""Drain any excess liquid, toss, and serve cold.""]",7,3,coleslaw,"[""cabbage"", ""bell pepper"", ""onion"", ""carrot"", ""white wine vinegar"", ""vegetable oil"", ""white sugar""]","[""cabbage"", ""bell pepper"", ""onion"", ""carrot"", ""white wine vinegar"", ""white sugar""]",7,6,"Combine cabbage, bell pepper, onion, and carrots in a large bowl. Whisk together vinegar, oil, and sugar in a medium bowl. Pour enough dressing over cabbage mixture to coat; mix well. Cover and refrigerate for 6 to 8 hours. Drain any excess liquid, toss, and serve cold.","[""combine"", ""whisk"", ""coat"", ""cover"", ""drain""]",0.3574384,0.40059528,0.1128827
Tomato and Pepper Salad,Low Calorie,Low-Calorie Salads,"[""3 medium tomatoes, chopped"", ""1 large cucumber, seeded and chopped"", ""1 medium green bell pepper, chopped"", ""1 stalk celery, thinly sliced"", ""3 tablespoons distilled white vinegar"", ""1 tablespoon white sugar"", ""\u00bd teaspoon salt"", ""freshly ground black pepper to taste""]","[""Combine tomatoes, cucumber, green bell pepper, and celery in a bowl."", ""Mix vinegar, sugar, salt, and pepper in a separate bowl and pour over salad. Gently toss to coat."", ""Cover and refrigerate at least 2 hours, stirring occasionally.""]",8,3,tomato and pepper salad,"[""tomato"", ""cucumber"", ""bell pepper"", ""celery"", ""distilled white vinegar"", ""white sugar"", ""salt"", ""freshly black pepper""]","[""tomato"", ""cucumber"", ""bell pepper"", ""celery"", ""distilled white vinegar"", ""white sugar"", ""freshly black pepper""]",8,7,"Combine tomatoes, cucumber, green bell pepper, and celery in a bowl. Mix vinegar, sugar, salt, and pepper in a separate bowl and pour over salad. Gently toss to coat. Cover and refrigerate at least 2 hours, stirring occasionally.","[""combine"", ""mix"", ""coat"", ""cover""]",0.35589522,0.3952997,0.13260299
Angie's Dad's Best Cabbage Coleslaw,July 4Th,4Th Of July Salads,"[""1 medium head cabbage, shredded"", ""1 large red onion, diced"", ""1 cup grated carrots"", ""2 stalks celery, chopped"", ""1 cup white sugar"", ""1 cup white vinegar"", ""\u00be cup vegetable oil"", ""1 tablespoon salt"", ""1 tablespoon dry mustard"", ""black pepper to taste""]","[""In a large bowl, combine cabbage, onion, carrots, and celery. Sprinkle with 1 cup sugar, and mix well. In a small saucepan, combine vinegar, oil, salt, dry mustard, and pepper. Bring to a boil. Pour hot dressing over cabbage mixture, and mix well.""]",10,1,angie s dad s cabbage coleslaw,"[""cabbage"", ""onion"", ""carrot"", ""celery"", ""white sugar"", ""white vinegar"", ""vegetable oil"", ""salt"", ""mustard"", ""black pepper""]","[""cabbage"", ""onion"", ""carrot"", ""celery"", ""white sugar"", ""white vinegar""]",10,6,"In a large bowl, combine cabbage, onion, carrots, and celery. Sprinkle with 1 cup sugar, and mix well. In a small saucepan, combine vinegar, oil, salt, dry mustard, and pepper. Bring to a boil. Pour hot dressing over cabbage mixture, and mix well.","[""combine"", ""mix"", ""combine"", ""boil"", ""dress""]",0.35414857,0.40071157,0.090291336
Shiraz Salad,Diabetic,Diabetic Salads,"[""2 small cucumbers, diced"", ""1 tomato, diced"", ""1 onion, diced"", ""2 tablespoons lemon juice"", ""1 teaspoon chopped fresh mint"", ""salt and ground black pepper to taste""]","[""Mix cucumbers, tomato, onion, lemon juice, mint, salt, and pepper together in a bowl.""]",6,1,shiraz salad,"[""cucumber"", ""tomato"", ""onion"", ""lemon juice"", ""mint"", ""salt black pepper""]","[""cucumber"", ""tomato"", ""onion"", ""mint"", ""salt black pepper""]",6,5,"Mix cucumbers, tomato, onion, lemon juice, mint, salt, and pepper together in a bowl.","[""mix""]",0.33701035,0.38013822,0.09261913
California Coleslaw,July 4Th,4Th Of July Salads,"[""1 small head cabbage, shredded"", ""1 small white onion, chopped"", ""1 green bell pepper, chopped"", ""1 red bell pepper, chopped"", ""1 small carrot, shredded"", ""\u00bd cup cider vinegar"", ""3 tablespoons white sugar"", ""\u00bd teaspoon salt"", ""\u00bc teaspoon freshly ground black pepper"", ""\u00bd cup vegetable oil""]","[""In a large salad bowl, place the cabbage, onion, green bell pepper, red bell pepper and carrot. Combine the vinegar, sugar, salt, pepper and vegetable oil in the bowl with the vegetables. Toss the mixture until the vegetables are fully coated with the marinade.""]",10,1,california coleslaw,"[""cabbage"", ""onion"", ""bell pepper"", ""carrot"", ""cider vinegar"", ""white sugar"", ""salt"", ""freshly black pepper"", ""vegetable oil""]","[""cabbage"", ""onion"", ""bell pepper"", ""carrot"", ""cider vinegar"", ""white sugar"", ""freshly black pepper""]",9,7,"In a large salad bowl, place the cabbage, onion, green bell pepper, red bell pepper and carrot. Combine the vinegar, sugar, salt, pepper and vegetable oil in the bowl with the vegetables. Toss the mixture until the vegetables are fully coated with the marinade.","[""place"", ""combine"", ""coat""]",0.3351179,0.37811986,0.09144011
"Cucumber, Tomato, and Red Onion Salad",Healthy Recipes,Healthy Salads,"[""4 tomatoes, cut into 8 wedges"", ""2 large cucumbers, peeled and sliced"", ""1 large red onion, chopped"", ""\u00bc cup chopped fresh cilantro"", ""1 lime, juiced"", ""salt to taste""]","[""Mix tomatoes, cucumbers, red onion, cilantro, and lime juice together in a bowl. Season with salt and serve.""]",6,1,cucumber tomato and red onion salad,"[""tomato"", ""cucumber"", ""onion"", ""coriander"", ""lime"", ""salt""]","[""tomato"", ""cucumber"", ""onion"", ""coriander"", ""lime""]",6,5,"Mix tomatoes, cucumbers, red onion, cilantro, and lime juice together in a bowl. Season with salt and serve.","[""mix"", ""season""]",0.32831436,0.37250277,0.077913575
Lower-Fat Coleslaw,Healthy Recipes,Healthy Salads,"[""2 tablespoons extra-light mayonnaise"", ""\u00bc cup low-fat milk"", ""1 tablespoon white vinegar"", ""1 tablespoon apple cider vinegar"", ""1 tablespoon fresh lemon juice"", ""1 teaspoon white sugar"", ""1 teaspoon salt"", ""1 head cabbage, finely shredded"", ""1 small onion, minced"", ""1 carrot, shredded and chopped""]","[""Whisk mayonnaise, low-fat milk, white vinegar, apple cider vinegar, lemon juice, sugar, and salt together in a bowl and allow dressing to stand while preparing vegetables, about 20 minutes."", ""Pour dressing over cabbage, onion, and carrot in a large salad bowl and toss to combine. For best flavor, refrigerate slaw at least 2 hours to overnight.""]",10,2,lower fat coleslaw,"[""mayonnaise"", ""milk"", ""white vinegar"", ""apple cider vinegar"", ""lemon juice"", ""white sugar"", ""salt"", ""cabbage"", ""onion"", ""carrot""]","[""milk"", ""white vinegar"", ""apple cider vinegar"", ""white sugar"", ""cabbage"", ""onion"", ""carrot""]",10,7,"Whisk mayonnaise, low-fat milk, white vinegar, apple cider vinegar, lemon juice, sugar, and salt together in a bowl and allow dressing to stand while preparing vegetables, about 20 minutes. Pour dressing over cabbage, onion, and carrot in a large salad bowl and toss to combine. For best flavor, refrigerate slaw at least 2 hours to overnight.","[""dress"", ""combine"", ""refrigerate""]",0.32653084,0.36453202,0.1111908
Tomato Cucumber Onion Salad,Paleo,Paleo Salads,"[""1 cup diced cucumber"", ""1 cup diced fresh tomato"", ""\u00bd cup olive oil"", ""\u00bd cup red wine vinegar"", ""\u00bc cup diced red onion"", ""1 teaspoon white pepper"", ""1 teaspoon salt, or to taste""]","[""Toss together cucumber, tomato, olive oil, red wine vinegar, red onion, and white pepper in a large serving bowl; season with salt. Refrigerate until slightly chilled, 10 to 15 minutes.""]",7,1,tomato cucumber onion salad,"[""cucumber"", ""tomato"", ""olive oil"", ""red wine vinegar"", ""onion"", ""white pepper"", ""salt""]","[""cucumber"", ""tomato"", ""red wine vinegar"", ""onion"", ""white pepper""]",7,5,"Toss together cucumber, tomato, olive oil, red wine vinegar, red onion, and white pepper in a large serving bowl; season with salt. Refrigerate until slightly chilled, 10 to 15 minutes.","[""season"", ""chill""]",0.32527646,0.3678777,0.083869606
Mizeria (Polish Cucumber Salad),Christmas,Christmas Salads,"[""1 pound small cucumbers, peeled and thinly sliced"", ""salt to taste"", ""1 bunch dill, chopped"", ""2 \u00bd tablespoons sour cream"", ""1 teaspoon lemon juice"", ""1 pinch white sugar, or to taste"", ""ground black pepper to taste""]","[""Place cucumbers into a colander and sprinkle generously with salt; let stand until soft, about 5 minutes. Squeeze liquid from cucumbers and transfer to a bowl with dill."", ""Mix sour cream, lemon juice, and sugar together in a bowl; add to cucumbers and toss to coat. Season with pepper. Cover and chill for at least 30 minutes before serving.""]",7,2,mizeria polish cucumber salad,"[""cucumber"", ""salt"", ""dill"", ""sour cream"", ""lemon juice"", ""white sugar"", ""black pepper""]","[""cucumber"", ""dill"", ""sour cream"", ""white sugar""]",7,4,"Place cucumbers into a colander and sprinkle generously with salt; let stand until soft, about 5 minutes. Squeeze liquid from cucumbers and transfer to a bowl with dill. Mix sour cream, lemon juice, and sugar together in a bowl; add to cucumbers and toss to coat. Season with pepper. Cover and chill for at least 30 minutes before serving.","[""place"", ""transfer"", ""add"", ""season"", ""chill""]",0.32505423,0.36177477,0.11697113
Freezer Slaw,Healthy Recipes,Healthy Salads,"[""1 large head cabbage, shredded"", ""1 green bell pepper, finely chopped"", ""1 small small onion, finely chopped"", ""2 carrots, shredded"", ""2 cups boiling water"", ""2 teaspoons salt"", ""1 \u00bd cups white sugar"", ""1 cup water"", ""\u00be cup cider vinegar"", ""2 teaspoons celery seed""]","[""Combine cabbage, green bell pepper, onion, and carrots in a large bowl. Mix boiling water and salt together in a separate bowl and pour over cabbage mixture; set aside for salt to draw out extra water from vegetables, about 1 hour. Drain well."", ""Mix sugar, 1 cup water, cider vinegar, and celery seed in a saucepan; bring to a boil. Cook and stir until sugar is dissolved, about 1 minute. Remove the saucepan from the heat and cool completely."", ""Pour cooled sugar-vinegar mixture over drained cabbage mixture in a large bowl and toss until slaw is well mixed. Spoon slaw into resealable plastic bags; squeeze out excess air, seal the bag, and freeze.""]",10,3,freezer slaw,"[""cabbage"", ""bell pepper"", ""onion"", ""carrot"", ""boiling water"", ""salt"", ""white sugar"", ""water"", ""cider vinegar"", ""celery seed""]","[""cabbage"", ""bell pepper"", ""onion"", ""carrot"", ""boiling water"", ""white sugar"", ""cider vinegar"", ""celery seed""]",10,8,"Combine cabbage, green bell pepper, onion, and carrots in a large bowl. Mix boiling water and salt together in a separate bowl and pour over cabbage mixture; set aside for salt to draw out extra water from vegetables, about 1 hour. Drain well. Mix sugar, 1 cup water, cider vinegar, and celery seed in a saucepan; bring to a boil. Cook and stir until sugar is dissolved, about 1 minute. Remove the saucepan from the heat and cool completely. Pour cooled sugar-vinegar mixture over drained cabbage mixture in a large bowl and toss until slaw is well mixed. Spoon slaw into resealable plastic bags; squeeze out excess air, seal the bag, and freeze.","[""combine"", ""boil"", ""drain"", ""boil"", ""cook"", ""heat"", ""drain"", ""step""]",0.3211034,0.3590928,0.10583015
Cucumber Salad With Sour Cream,Labor Day,Labor Day Salads,"[""2 cucumbers, thinly sliced"", ""1 (8 ounce) container sour cream"", ""\u2153 cup white sugar, or to taste"", ""\u00bc cup distilled white vinegar"", ""salt and ground black pepper to taste""]","[""Place cucumber slices in a container and cover with cold water. Refrigerate 4 hours to overnight."", ""Whisk sour cream, sugar, vinegar, and salt together in a large bowl until sugar dissolves."", ""Drain cucumbers well and pat dry with paper towels. Add cucumbers to sour cream dressing and toss to coat.""]",5,3,cucumber salad with sour cream,"[""cucumber"", ""container sour cream"", ""white sugar"", ""distilled white vinegar"", ""salt black pepper""]","[""cucumber"", ""container sour cream"", ""white sugar"", ""distilled white vinegar"", ""salt black pepper""]",5,5,"Place cucumber slices in a container and cover with cold water. Refrigerate 4 hours to overnight. Whisk sour cream, sugar, vinegar, and salt together in a large bowl until sugar dissolves. Drain cucumbers well and pat dry with paper towels. Add cucumbers to sour cream dressing and toss to coat.","[""cover"", ""refrigerate"", ""whisk"", ""drain"", ""add""]",0.316521,0.3522441,0.114089735
Mom's Best Macaroni Salad,Pasta Salads,Pasta Salads,"[""16 ounces uncooked elbow macaroni"", ""4 carrots, shredded"", ""1 large red onion, chopped"", ""\u00bd green bell pepper, seeded and chopped"", ""\u00bd red bell pepper, seeded and chopped"", ""1 cup chopped celery"", ""2 cups mayonnaise"", ""1 (14 ounce) can sweetened condensed milk"", ""\u00bd cup white sugar"", ""\u00bd cup white vinegar"", ""salt and pepper to taste""]","[""Gather all ingredients."", ""Bring a large pot of lightly salted water to a boil. Cook elbow macaroni in boiling water, stirring occasionally, until tender yet firm to the bite, about 8 minutes. Rinse under cold water; drain and set aside."", ""Stir together carrots, red onion, bell peppers, and celery in a large serving bowl. Mix in mayonnaise, condensed milk, sugar, vinegar, salt, and pepper until well combined."", ""Add macaroni; toss gently, then cover and refrigerate for at least 8 hours."", ""Enjoy!""]",11,5,mom s macaroni salad,"[""ounc elbow macaroni"", ""carrot"", ""onion"", ""bell pepper"", ""celery"", ""mayonnaise"", ""condensed milk"", ""white sugar"", ""white vinegar"", ""salt pepper""]","[""ounc elbow macaroni"", ""carrot"", ""onion"", ""bell pepper"", ""celery"", ""condensed milk"", ""white sugar"", ""white vinegar"", ""salt pepper""]",10,9,"Gather all ingredients. Bring a large pot of lightly salted water to a boil. Cook elbow macaroni in boiling water, stirring occasionally, until tender yet firm to the bite, about 8 minutes. Rinse under cold water; drain and set aside. Stir together carrots, red onion, bell peppers, and celery in a large serving bowl. Mix in mayonnaise, condensed milk, sugar, vinegar, salt, and pepper until well combined. Add macaroni; toss gently, then cover and refrigerate for at least 8 hours. Enjoy!","[""step"", ""boil"", ""boil"", ""drain"", ""stir"", ""mix"", ""add"", ""step""]",0.3008009,0.3354543,0.104431644
Spicy Southwestern Slaw,Low Sodium,Low-Sodium Salads,"[""3 cups shredded cabbage"", ""1 carrot, shredded"", ""1 onion, diced"", ""1 red bell pepper, diced"", ""1 jalapeno pepper, seeded and diced"", ""1 tablespoon chopped fresh cilantro"", ""\u00bd cup canola oil"", ""2 tablespoons apple cider vinegar"", ""1 tablespoon white sugar"", ""1 teaspoon cayenne pepper"", ""salt and pepper to taste""]","[""In a large bowl, toss together the cabbage, carrot, onion, red pepper, jalapeno and cilantro. Set aside."", ""In a small bowl, whisk together the oil, vinegar, sugar, cayenne pepper, salt and pepper. Pour over vegetable mixture and toss to combine. Cover and refrigerate for at least one hour.""]",11,2,spicy southwestern slaw,"[""cabbage"", ""carrot"", ""onion"", ""bell pepper"", ""jalapeno pepper"", ""coriander"", ""canola oil"", ""apple cider vinegar"", ""white sugar"", ""cayenne pepper"", ""salt pepper""]","[""cabbage"", ""carrot"", ""onion"", ""bell pepper"", ""jalapeno pepper"", ""coriander"", ""apple cider vinegar"", ""white sugar"", ""cayenne pepper"", ""salt pepper""]",11,10,"In a large bowl, toss together the cabbage, carrot, onion, red pepper, jalapeno and cilantro. Set aside. In a small bowl, whisk together the oil, vinegar, sugar, cayenne pepper, salt and pepper. Pour over vegetable mixture and toss to combine. Cover and refrigerate for at least one hour.","[""toss"", ""step"", ""whisk"", ""combine"", ""cover""]",0.3000645,0.3332991,0.1117351
